-2.253432422876358032e-01,2.121248096227645874e-02,1.027018874883651733e-01,1.632153242826461792e-01,1.744577139616012573e-01,-1.756142675876617432e-01,1.395336985588073730e-01,2.287469357252120972e-01,-2.259421721100807190e-02,5.092040076851844788e-02,5.613780766725540161e-02,1.658851206302642822e-01,5.194447934627532959e-02,-1.774889081716537476e-01,-9.163049608469009399e-02,-1.379025131464004517e-01,2.510574758052825928e-01,-3.753983415663242340e-03,-1.559751331806182861e-01,-3.260990604758262634e-02
-8.984959870576858521e-02,4.164895042777061462e-03,-3.538950383663177490e-01,-8.530893176794052124e-02,-5.019475221633911133e-01,-1.709238439798355103e-01,-1.205072272568941116e-02,-4.217893183231353760e-01,-2.092847824096679688e-01,-2.964567579329013824e-02,-5.495649576187133789e-01,-5.666996240615844727e-01,-1.915992051362991333e-02,-1.643845289945602417e-01,-1.515158414840698242e-01,-1.094522103667259216e-01,-1.808505058288574219e-01,4.350396394729614258e-01,-3.886158764362335205e-01,7.292305827140808105e-01
4.629670083522796631e-01,6.354393064975738525e-02,-1.347086280584335327e-01,-7.527551054954528809e-02,-2.148795127868652344e-02,3.950904309749603271e-02,-1.038321554660797119e-01,1.073935702443122864e-01,-3.383100628852844238e-01,1.187663674354553223e-01,3.528597578406333923e-02,1.439750790596008301e-01,-1.261231452226638794e-01,1.717299669981002808e-01,-2.834185957908630371e-02,8.967135101556777954e-02,1.314054131507873535e-01,-2.112611234188079834e-01,-1.418281067162752151e-02,1.516313850879669189e-01
4.142251908779144287e-01,7.627750933170318604e-02,-1.545598357915878296e-01,-6.005869433283805847e-02,-2.696066200733184814e-01,1.968471258878707886e-01,-2.421365827322006226e-01,-1.155257895588874817e-01,-2.704290449619293213e-01,-1.841531097888946533e-01,3.674421608448028564e-01,-8.095035329461097717e-03,4.043629392981529236e-02,7.460000514984130859e-01,-1.269599348306655884e-01,1.192318350076675415e-01,-2.299149930477142334e-01,-3.588290512561798096e-01,-4.587519466876983643e-01,1.542083323001861572e-01
-3.151560723781585693e-01,1.638149321079254150e-01,1.856007277965545654e-01,1.895988583564758301e-01,-1.777429580688476562e-01,9.561032801866531372e-02,2.991784512996673584e-01,-4.027239046990871429e-03,4.597732797265052795e-02,-2.218901962041854858e-01,-1.936234831809997559e-01,-1.836879998445510864e-01,-2.947336435317993164e-01,-2.388031929731369019e-01,1.234997510910034180e-01,-3.594763278961181641e-01,-9.520079195499420166e-02,1.646819412708282471e-01,1.778495311737060547e-01,-3.053790330886840820e-01
-2.848175466060638428e-01,1.363866925239562988e-01,1.383385062217712402e-01,5.906114354729652405e-02,-6.308287382125854492e-02,-8.702449500560760498e-02,6.612828373908996582e-02,-2.939950823783874512e-01,-7.911036163568496704e-02,-1.875132620334625244e-01,1.336097121238708496e-01,-3.985553979873657227e-02,-2.326254695653915405e-01,2.091507017612457275e-01,8.634698390960693359e-02,2.099706679582595825e-01,-9.441582113504409790e-02,2.192557007074356079e-01,3.305089473724365234e-02,1.923618465662002563e-01
-2.952985167503356934e-01,-8.544146269559860229e-02,9.498476237058639526e-02,1.864474117755889893e-01,-1.665904223918914795e-01,-1.858839839696884155e-01,1.421221531927585602e-02,-1.766233444213867188e-01,2.070619165897369385e-01,1.237422749400138855e-01,-1.098071560263633728e-01,-2.601108141243457794e-02,-2.842059433460235596e-01,8.697219192981719971e-02,-1.484686434268951416e-01,2.866033837199211121e-02,-2.960198372602462769e-02,4.846528917551040649e-02,-1.335703954100608826e-02,-8.129873126745223999e-02
6.337368488311767578e-01,1.377038061618804932e-01,1.258580684661865234e-01,-7.983934879302978516e-01,6.886813640594482422e-01,5.231641530990600586e-01,-1.188410818576812744e-01,1.383291929960250854e-01,2.183790802955627441e-01,-9.736869335174560547e-01,-2.213002368807792664e-02,3.466971218585968018e-01,2.473791316151618958e-02,2.313509285449981689e-01,7.344660162925720215e-02,-1.455374598503112793e+00,3.560055047273635864e-02,-1.129513382911682129e+00,-4.043506085872650146e-01,6.361040472984313965e-01
-4.144627749919891357e-01,-1.504605114459991455e-01,6.949044018983840942e-02,1.420186012983322144e-01,-1.331794857978820801e-01,-1.621380746364593506e-01,2.437163740396499634e-01,-1.234864443540573120e-01,4.886996001005172729e-02,3.091537766158580780e-02,-2.091881483793258667e-01,2.302663475275039673e-01,-1.984882801771163940e-01,1.271241903305053711e-01,-1.625480204820632935e-01,6.498312577605247498e-03,-1.236801669001579285e-01,-1.107163056731224060e-01,9.179871529340744019e-02,-1.593741625547409058e-01
3.188968449831008911e-02,4.538661986589431763e-02,5.627521872520446777e-02,-1.020711541175842285e+00,9.508432149887084961e-01,6.574633121490478516e-01,-1.951502412557601929e-01,-5.803866982460021973e-01,-4.237198531627655029e-01,-4.593420922756195068e-01,1.244234740734100342e-01,-1.423091143369674683e-01,5.061946511268615723e-01,7.812637090682983398e-01,-6.885379552841186523e-02,-9.497701525688171387e-01,-8.468260616064071655e-02,5.087458342313766479e-02,-4.116981029510498047e-01,1.018779516220092773e+00
-2.748414576053619385e-01,1.270025074481964111e-01,2.422037068754434586e-03,1.605878919363021851e-01,2.509937286376953125e-01,-8.416603505611419678e-02,6.324873864650726318e-02,-2.987814247608184814e-01,-1.150112524628639221e-01,3.527607619762420654e-01,1.192672178149223328e-01,-7.002907246351242065e-02,-9.547109901905059814e-02,1.539236605167388916e-01,-1.578153669834136963e-01,6.166596338152885437e-02,2.184191793203353882e-01,1.470237076282501221e-01,6.430796533823013306e-02,-1.123674213886260986e-01
-2.815776169300079346e-01,-3.264707326889038086e-02,4.237444698810577393e-01,1.612674295902252197e-01,-1.543371379375457764e-01,3.379964530467987061e-01,4.620329141616821289e-01,-6.461853533983230591e-02,-1.296131014823913574e-01,-1.025386214256286621e+00,-5.725536942481994629e-01,-8.818942308425903320e-02,3.269609808921813965e-02,5.467803776264190674e-02,1.063440740108489990e-01,-6.841296553611755371e-01,-1.208493262529373169e-01,-3.404935896396636963e-01,-4.724825918674468994e-01,5.715673789381980896e-02
-2.714701294898986816e-01,2.751060761511325836e-02,3.651356101036071777e-01,8.248794078826904297e-02,1.045419499278068542e-01,7.763662934303283691e-02,6.158903241157531738e-02,1.526577472686767578e-01,1.987314410507678986e-02,4.044499620795249939e-02,-1.966399252414703369e-01,1.409337855875492096e-02,-2.318382449448108673e-02,3.319734930992126465e-01,1.304613053798675537e-01,2.196474224328994751e-01,-2.312091439962387085e-01,-1.425013989210128784e-01,4.330591857433319092e-01,-3.199851512908935547e-01
6.690736114978790283e-02,1.431372463703155518e-01,-3.174354434013366699e-01,-1.556653063744306564e-02,-2.832285463809967041e-01,2.408768534660339355e-01,-1.085944250226020813e-01,1.176955327391624451e-01,2.468636631965637207e-01,1.409940421581268311e-01,-2.154388129711151123e-01,6.308897584676742554e-02,-1.465565413236618042e-01,2.936913073062896729e-02,-8.366587758064270020e-02,-4.425127059221267700e-03,1.963298171758651733e-01,-1.754261404275894165e-01,3.119080364704132080e-01,-1.149948537349700928e-01
-1.726959943771362305e-01,-1.505195647478103638e-01,-9.326694160699844360e-02,-1.985007077455520630e-01,2.712538000196218491e-03,-4.594253376126289368e-02,-1.051408872008323669e-01,-2.835439331829547882e-02,1.967430859804153442e-01,-1.872483938932418823e-01,-1.988572478294372559e-01,-3.115755021572113037e-01,-3.842799663543701172e-01,-2.570118308067321777e-01,1.499383151531219482e-01,6.143402680754661560e-02,-1.919797211885452271e-01,-1.871599629521369934e-02,1.298942863941192627e-01,-8.203166723251342773e-02
3.936291038990020752e-01,-1.866534650325775146e-01,6.766651868820190430e-01,2.987799942493438721e-01,5.221487283706665039e-01,1.860644221305847168e-01,3.054376542568206787e-01,-2.655459046363830566e-01,5.841801762580871582e-01,3.844458758831024170e-01,1.866065114736557007e-01,6.227881908416748047e-01,8.461209535598754883e-01,1.216253265738487244e-01,-1.952666193246841431e-01,1.971059888601303101e-01,-1.801293194293975830e-01,-4.250872731208801270e-01,5.151405930519104004e-01,5.343755483627319336e-01
-1.369024664163589478e-01,3.712131455540657043e-02,1.111515983939170837e-01,6.236183270812034607e-02,-1.219981461763381958e-01,-9.523288905620574951e-02,-8.538267016410827637e-02,7.101543596945703030e-04,1.172381713986396790e-01,-2.933646785095334053e-03,1.688114255666732788e-01,-1.722028255462646484e-01,-1.252418458461761475e-01,-3.406174108386039734e-02,6.674057245254516602e-02,-9.843434207141399384e-03,-8.727829903364181519e-02,-1.855775266885757446e-01,-4.523340612649917603e-03,7.719039916992187500e-03
3.041723072528839111e-01,1.851598024368286133e-01,2.868067324161529541e-01,5.484665036201477051e-01,-2.981489598751068115e-01,4.932977259159088135e-01,3.619057834148406982e-01,-1.084765270352363586e-01,-3.046213686466217041e-01,-2.891649603843688965e-01,-2.266356945037841797e-01,1.309573352336883545e-01,2.234399467706680298e-01,2.413892187178134918e-02,1.058816313743591309e-01,5.863904580473899841e-02,-8.228633999824523926e-01,5.898115038871765137e-02,-4.795441627502441406e-01,4.817786812782287598e-01
3.462580144405364990e-01,-1.198222860693931580e-01,-7.207907736301422119e-02,-2.476130723953247070e-01,1.385472267866134644e-01,1.816024184226989746e-01,-1.198131516575813293e-01,-7.340641319751739502e-02,6.069190800189971924e-02,-1.943580806255340576e-01,2.095236033201217651e-01,2.116736024618148804e-01,-1.538705825805664062e-02,1.738875508308410645e-01,1.481305360794067383e-01,1.792514473199844360e-01,-6.753913313150405884e-02,-1.083802804350852966e-01,-4.341016337275505066e-02,2.128108143806457520e-01
1.337762773036956787e-01,-1.316345334053039551e-01,2.186442539095878601e-02,-1.921641826629638672e-01,1.169561594724655151e-01,9.729781001806259155e-02,-2.562046051025390625e-01,-9.114447236061096191e-02,-1.221315786242485046e-01,2.245425246655941010e-02,3.381341695785522461e-01,-3.768602609634399414e-01,1.361120343208312988e-01,4.829054772853851318e-01,9.704175591468811035e-02,3.595389723777770996e-01,-1.117342412471771240e-01,1.499452292919158936e-01,3.580648005008697510e-01,3.055117428302764893e-01
1.589657366275787354e-01,-2.914526499807834625e-02,-3.718667030334472656e-01,-8.256398141384124756e-02,4.721540957689285278e-02,-3.801169097423553467e-01,-4.010896384716033936e-01,1.676788032054901123e-01,3.813391327857971191e-01,-1.857127249240875244e-02,6.336967945098876953e-01,8.627830445766448975e-02,4.982095956802368164e-02,1.151636689901351929e-01,-7.117584347724914551e-02,3.185054659843444824e-01,2.532323598861694336e-01,1.464782655239105225e-01,2.142998129129409790e-01,6.076958179473876953e-01
-4.311260767281055450e-03,-1.665851026773452759e-01,1.848287731409072876e-01,1.961493343114852905e-01,-3.005184829235076904e-01,-7.002146542072296143e-02,-6.369766592979431152e-02,1.541004627943038940e-01,-4.520067572593688965e-02,1.579518616199493408e-01,-1.304228901863098145e-01,1.705354154109954834e-01,3.075415454804897308e-02,-3.171300292015075684e-01,2.413082122802734375e-02,3.685325980186462402e-01,2.661304548382759094e-02,3.167989253997802734e-01,-5.656909570097923279e-02,-3.802584409713745117e-01
3.294006362557411194e-02,-1.861552298069000244e-01,-1.458536386489868164e-01,3.003332391381263733e-02,-3.439178466796875000e-01,8.261696249246597290e-02,2.016372606158256531e-02,1.638249307870864868e-01,1.013101264834403992e-02,-4.248777627944946289e-01,-2.920447885990142822e-01,2.239134721457958221e-02,-8.506546169519424438e-02,-1.267768144607543945e-01,-1.236432790756225586e-01,-3.571756780147552490e-01,2.399508655071258545e-02,5.334181711077690125e-03,6.639450043439865112e-02,8.244217932224273682e-02
-8.755354583263397217e-02,-1.623366586863994598e-02,-4.035795331001281738e-01,-6.970769762992858887e-01,-1.680798977613449097e-01,4.141944274306297302e-02,-8.178870379924774170e-02,-2.797141373157501221e-01,-3.896296024322509766e-02,-7.639228701591491699e-01,1.091109871864318848e+00,-6.321727633476257324e-01,-3.179642558097839355e-01,-9.206034541130065918e-01,1.150268614292144775e-01,4.002951830625534058e-02,3.682993352413177490e-01,2.644748091697692871e-01,-2.390903532505035400e-01,8.665443211793899536e-02
1.982856094837188721e-01,-4.929774254560470581e-02,-6.018557585775852203e-03,-2.563835680484771729e-02,1.045845262706279755e-02,6.983391940593719482e-02,-2.457998227328062057e-03,2.215857356786727905e-01,1.996373981237411499e-01,1.745623797178268433e-01,2.025510817766189575e-01,1.931046545505523682e-01,-1.151235401630401611e-02,-1.408217567950487137e-02,5.478963255882263184e-02,3.388317227363586426e-01,2.270022779703140259e-01,-9.327948838472366333e-02,3.407160341739654541e-01,8.857653290033340454e-02
-4.962065815925598145e-02,-4.981352388858795166e-02,7.105586677789688110e-02,7.134058326482772827e-02,-2.324204593896865845e-01,4.870220124721527100e-01,2.576722204685211182e-01,-8.026048541069030762e-02,-2.653768658638000488e-01,-9.763871878385543823e-02,-4.367875307798385620e-02,3.608034849166870117e-01,-2.622183263301849365e-01,1.129824519157409668e-01,-1.881022900342941284e-01,-6.262678653001785278e-02,-9.489228725433349609e-01,-1.755197532474994659e-02,-7.378265261650085449e-01,7.801155745983123779e-02
1.519317477941513062e-01,7.970450073480606079e-02,2.347708679735660553e-03,1.818901747465133667e-01,6.490204483270645142e-02,-7.381128519773483276e-02,9.542943537235260010e-02,-1.349757611751556396e-01,-3.194735199213027954e-02,1.272849738597869873e-01,-3.645970020443201065e-03,8.543131500482559204e-02,1.913474947214126587e-01,-3.710584640502929688e-01,6.125375628471374512e-02,1.034072041511535645e-02,6.580962985754013062e-02,1.189201921224594116e-01,-8.090724050998687744e-02,1.749472320079803467e-01
-9.644205123186111450e-02,-1.887836009263992310e-01,-2.133453488349914551e-01,1.114640235900878906e-01,-2.959660254418849945e-02,7.257739454507827759e-02,-2.506315335631370544e-02,1.580496691167354584e-02,5.645349994301795959e-02,2.064686864614486694e-01,1.141682639718055725e-01,4.041175842285156250e-01,2.175846695899963379e-01,-2.096109092235565186e-01,-1.672014594078063965e-01,1.627678275108337402e-01,1.657377630472183228e-01,-3.985026851296424866e-02,1.032075565308332443e-02,-5.741183832287788391e-02
-1.589588671922683716e-01,-1.686586737632751465e-01,2.366427183151245117e-01,3.782830238342285156e-01,1.691309660673141479e-01,-1.449464708566665649e-01,1.582393050193786621e-01,2.679741084575653076e-01,1.586221307516098022e-01,3.423716723918914795e-01,4.283349514007568359e-01,2.420681715011596680e-01,1.737754195928573608e-01,-4.330563545227050781e-02,1.834968030452728271e-01,9.998974390327930450e-03,2.297532111406326294e-01,1.950408369302749634e-01,2.452898174524307251e-01,3.457576930522918701e-01
3.993155360221862793e-01,-8.968226611614227295e-02,-8.149912953376770020e-02,5.481314659118652344e-02,1.377929598093032837e-01,-5.449983477592468262e-01,1.728754788637161255e-01,1.539754718542098999e-01,-1.458645705133676529e-02,8.141463249921798706e-02,2.262071669101715088e-01,5.496053397655487061e-02,-7.566641271114349365e-02,3.079766929149627686e-01,-1.203003674745559692e-01,2.411291003227233887e-01,2.074690610170364380e-01,-4.094684496521949768e-02,1.251957658678293228e-02,-6.247346848249435425e-02
7.508454471826553345e-02,-1.375602632761001587e-01,2.805099189281463623e-01,1.920143216848373413e-01,1.776255480945110321e-02,-1.733387112617492676e-01,-2.646820247173309326e-01,2.277952730655670166e-01,-1.646693199872970581e-01,-5.727834627032279968e-02,6.337644904851913452e-02,2.066148817539215088e-01,2.260832190513610840e-01,3.191645741462707520e-01,-3.398314118385314941e-03,3.248937427997589111e-01,6.048898398876190186e-02,3.449382483959197998e-01,4.271099865436553955e-01,1.001387252472341061e-03
5.332307517528533936e-02,3.621979802846908569e-02,-7.119562476873397827e-03,8.012896031141281128e-02,7.209690660238265991e-02,3.151355087757110596e-01,2.016324698925018311e-01,-2.188753783702850342e-01,-1.775974780321121216e-01,-3.264583349227905273e-01,-3.998421132564544678e-01,-2.593194246292114258e-01,4.025470614433288574e-01,4.914864003658294678e-01,1.384094357490539551e-01,-5.469512343406677246e-01,-2.970307469367980957e-01,3.166877627372741699e-01,-4.315715730190277100e-01,-8.271916210651397705e-02
2.182686030864715576e-01,1.123085990548133850e-02,5.589109659194946289e-02,3.543830290436744690e-02,-1.070708259940147400e-01,-1.579750180244445801e-01,-7.992748916149139404e-02,2.092129886150360107e-01,-2.479107975959777832e-01,-4.080381989479064941e-01,-1.050543785095214844e-01,2.253140956163406372e-01,-7.812736183404922485e-02,-2.387620806694030762e-01,2.759476006031036377e-02,-2.025144845247268677e-01,-2.937627434730529785e-01,1.440869420766830444e-01,-6.643206626176834106e-02,-1.012915819883346558e-01
-6.515860557556152344e-01,-1.693496406078338623e-01,-7.733868360519409180e-01,4.096720367670059204e-03,2.344902232289314270e-02,2.970696240663528442e-02,3.989306390285491943e-01,-1.860462278127670288e-01,7.101895809173583984e-01,-2.286444455385208130e-01,-8.534507453441619873e-02,-7.198842614889144897e-02,2.948655188083648682e-01,-2.256733924150466919e-01,1.673573851585388184e-01,-3.056775629520416260e-01,3.029455542564392090e-01,9.019515663385391235e-02,2.498473078012466431e-01,3.455349802970886230e-01
6.867474876344203949e-03,-1.481270343065261841e-01,-4.474342763423919678e-01,-6.756046414375305176e-02,-1.910801678895950317e-01,-3.305380940437316895e-01,6.561357527971267700e-02,2.061360925436019897e-01,1.106399074196815491e-01,-4.225486516952514648e-02,3.700532913208007812e-01,-1.386608183383941650e-01,-1.565257757902145386e-01,-2.233693450689315796e-01,-1.334572434425354004e-01,1.118620624765753746e-03,1.649861186742782593e-01,3.200870454311370850e-01,-2.857689261436462402e-01,-1.075625419616699219e-01
-2.480575740337371826e-01,9.550566226243972778e-02,-9.957687556743621826e-02,1.343538463115692139e-01,-3.145173192024230957e-01,-2.259946912527084351e-01,-2.723355293273925781e-01,1.806790530681610107e-01,1.151189953088760376e-01,1.019479613751173019e-02,-8.404103107750415802e-03,-2.942735850811004639e-01,4.049174189567565918e-01,2.999015450477600098e-01,1.231768727302551270e-01,2.521898411214351654e-02,-1.161975115537643433e-01,-1.465292423963546753e-01,1.864666640758514404e-01,-4.102106988430023193e-01
3.151400014758110046e-02,-2.168252915143966675e-01,3.499159216880798340e-01,-3.511521965265274048e-02,-3.513512909412384033e-01,-1.475055068731307983e-01,5.462401509284973145e-01,5.522450432181358337e-02,-1.866732090711593628e-01,-4.583046957850456238e-02,-2.457381486892700195e-01,2.819178104400634766e-01,-3.803789019584655762e-01,-2.620423436164855957e-01,-4.129475355148315430e-02,-6.414490938186645508e-01,-8.055788278579711914e-02,-7.003282308578491211e-01,-3.984535038471221924e-01,-9.137661755084991455e-02
-8.854869753122329712e-02,-8.885210007429122925e-02,2.345238924026489258e-01,6.304187327623367310e-02,1.853729933500289917e-01,-5.331335067749023438e-01,1.585832238197326660e-01,-2.296196371316909790e-01,-1.368596702814102173e-01,3.189526125788688660e-02,-1.044221967458724976e-01,-2.080949097871780396e-01,1.884969770908355713e-01,3.660548329353332520e-01,1.333120763301849365e-01,8.183814585208892822e-02,-3.495409786701202393e-01,8.956833183765411377e-02,2.359698154032230377e-02,3.214187324047088623e-01
3.340627625584602356e-02,6.156495213508605957e-02,6.325346231460571289e-02,-1.344771236181259155e-01,-7.002869993448257446e-02,-3.790026307106018066e-01,-8.999751508235931396e-02,-2.756725251674652100e-01,5.410984903573989868e-02,-4.789557754993438721e-01,-5.826981738209724426e-02,-2.158040255308151245e-01,-1.670012325048446655e-01,5.336719006299972534e-02,1.920675337314605713e-01,-3.473460972309112549e-01,-7.320525497198104858e-02,-3.045180737972259521e-01,-4.190027117729187012e-01,4.658775404095649719e-02
5.948083996772766113e-01,6.818237155675888062e-02,-8.586314320564270020e-01,-5.098795294761657715e-01,9.005580544471740723e-01,6.922503709793090820e-01,-3.558960556983947754e-01,2.744632959365844727e-01,2.049736827611923218e-01,-5.455136671662330627e-02,-3.081665337085723877e-01,-3.339128494262695312e-01,3.841196894645690918e-01,4.906273782253265381e-01,-4.930935800075531006e-02,-1.315416116267442703e-02,-1.575157791376113892e-01,-4.139721989631652832e-01,5.551010966300964355e-01,1.482777148485183716e-01
-1.962575167417526245e-01,-1.964970976114273071e-01,1.683134287595748901e-01,-4.431808292865753174e-01,-9.973720461130142212e-02,-3.758532404899597168e-01,1.390850096940994263e-01,3.709804639220237732e-02,-1.619341969490051270e-01,-2.527669966220855713e-01,-8.457116037607192993e-02,-8.105485141277313232e-02,1.047209277749061584e-02,-2.241292148828506470e-01,-1.117166280746459961e-01,-2.574780285358428955e-01,-1.341108977794647217e-01,-1.766988635063171387e-01,1.906661987304687500e-01,-1.551289260387420654e-01
-3.699887394905090332e-01,-7.029689103364944458e-02,-7.409922480583190918e-01,3.114936947822570801e-01,1.795369535684585571e-01,7.545570135116577148e-01,-7.285622358322143555e-01,1.237525105476379395e+00,1.318816304206848145e+00,-4.513929486274719238e-01,6.332461237907409668e-01,2.460438460111618042e-01,6.690320372581481934e-01,8.436334133148193359e-01,-6.819008290767669678e-02,1.158592998981475830e-01,2.576804161071777344e-01,8.918605446815490723e-01,3.251598477363586426e-01,-4.412774741649627686e-01
1.501635909080505371e-01,6.069011613726615906e-02,-3.917830064892768860e-02,1.925722062587738037e-01,2.462689392268657684e-02,-1.475772559642791748e-01,-2.081871777772903442e-01,-9.324556589126586914e-02,1.106043066829442978e-02,1.115410625934600830e-01,1.643468439579010010e-01,2.252636849880218506e-01,9.373647160828113556e-03,1.571058332920074463e-01,1.361549198627471924e-01,-8.684290200471878052e-02,2.315371632575988770e-01,1.439119428396224976e-01,1.560965478420257568e-01,-8.009571465663611889e-04
-2.802996337413787842e-01,1.879564225673675537e-01,5.423935875296592712e-02,-3.568670451641082764e-01,-1.893122643232345581e-01,2.022372037172317505e-01,2.034841626882553101e-01,2.576757073402404785e-01,-1.012825500220060349e-02,-2.084899097681045532e-01,-7.723999619483947754e-01,-1.330506354570388794e-01,3.409554958343505859e-01,3.076708614826202393e-01,-4.373282194137573242e-03,-1.888975650072097778e-01,1.126140803098678589e-01,-2.117641866207122803e-01,-2.132877260446548462e-01,1.599507182836532593e-01
-8.660832792520523071e-02,-1.816371828317642212e-01,-2.080909013748168945e-01,-2.091578245162963867e-01,1.762115508317947388e-01,2.204166352748870850e-01,1.099769622087478638e-01,-4.193037282675504684e-03,3.452947139739990234e-01,-3.621262013912200928e-01,-1.610924154520034790e-01,3.170725703239440918e-02,1.512215733528137207e-01,1.186714395880699158e-01,-1.483562588691711426e-01,-1.262912750244140625e-01,-4.320389330387115479e-01,1.856301128864288330e-01,-2.736010588705539703e-03,-2.831018529832363129e-03
-2.473630309104919434e-01,-1.585969477891921997e-01,7.022587954998016357e-02,-1.304531991481781006e-01,-1.793333888053894043e-01,1.077057346701622009e-01,4.864015802741050720e-02,8.982432633638381958e-02,7.379745692014694214e-02,-5.117428302764892578e-02,-2.248183637857437134e-01,1.519829872995615005e-02,-2.839792966842651367e-01,1.158669069409370422e-01,-3.526270389556884766e-02,5.476719141006469727e-02,1.183132976293563843e-01,-1.529403328895568848e-01,1.283560246229171753e-01,-2.439399063587188721e-01
-2.974311411380767822e-01,-4.328211396932601929e-02,-5.256702899932861328e-01,-5.958629399538040161e-02,-4.327453672885894775e-02,5.792825669050216675e-02,2.695009484887123108e-02,-5.341153740882873535e-01,-3.156753480434417725e-01,-3.235131800174713135e-01,-2.940052449703216553e-01,-1.784474104642868042e-01,1.271561980247497559e-01,-2.098767906427383423e-01,-3.708373010158538818e-02,-1.995579898357391357e-01,-2.831630706787109375e-01,-1.050978228449821472e-01,2.699842909350991249e-03,-2.144200205802917480e-01
-1.914461851119995117e-01,-2.329330891370773315e-02,2.270676791667938232e-01,2.347623556852340698e-01,-3.108887672424316406e-01,1.236944049596786499e-01,-3.634437918663024902e-01,4.892553687095642090e-01,3.213395476341247559e-01,-4.934735596179962158e-01,-4.599791765213012695e-01,9.299553632736206055e-01,1.286388337612152100e-01,2.310366630554199219e-01,6.470575928688049316e-03,4.969928562641143799e-01,8.826812356710433960e-02,-2.460771799087524414e-01,6.906881183385848999e-02,-3.117133378982543945e-01
-1.804186850786209106e-01,3.298614174127578735e-02,-1.450789123773574829e-01,-2.533070445060729980e-01,-1.056994348764419556e-01,-2.630607783794403076e-01,1.295334100723266602e-01,-2.358794510364532471e-01,-5.365496501326560974e-02,-1.584858447313308716e-01,-1.274617481976747513e-02,-4.900024831295013428e-01,7.814899086952209473e-03,-2.666833996772766113e-01,8.204925060272216797e-02,-1.526546925306320190e-01,-4.687292277812957764e-01,-2.928185760974884033e-01,1.759323179721832275e-01,2.849821373820304871e-02
-6.603200454264879227e-03,9.026496112346649170e-02,4.502632915973663330e-01,8.178896903991699219e-01,-6.861587613821029663e-02,7.109092473983764648e-01,-6.331911683082580566e-02,9.543771147727966309e-01,3.316061496734619141e-01,-2.768134772777557373e-01,-3.595580756664276123e-01,3.379869163036346436e-01,5.532783269882202148e-02,-2.333787977695465088e-01,-1.689162403345108032e-01,-4.749435931444168091e-02,-2.661026120185852051e-01,-6.304095983505249023e-01,4.643761813640594482e-01,3.756479024887084961e-01
-7.037535309791564941e-02,-5.781251937150955200e-02,-5.483965873718261719e-01,4.345302656292915344e-02,2.364807873964309692e-01,-2.758724093437194824e-01,-2.740846872329711914e-01,-5.144621431827545166e-02,2.174573987722396851e-01,2.578737027943134308e-02,-2.049876153469085693e-01,-1.451639682054519653e-01,9.071712940931320190e-02,1.112473011016845703e-01,3.145055472850799561e-02,-1.959434151649475098e-01,1.417679041624069214e-01,2.000829875469207764e-01,1.061118319630622864e-01,3.098801076412200928e-01
2.034587711095809937e-01,-1.320254653692245483e-01,1.067265197634696960e-01,1.830674558877944946e-01,2.198850512504577637e-01,4.592735320329666138e-02,-3.935551941394805908e-01,2.972178757190704346e-01,3.728548288345336914e-01,5.217068269848823547e-02,2.715260982513427734e-01,1.074046641588211060e-01,1.458043605089187622e-01,3.207673430442810059e-01,-1.488426476716995239e-01,3.368052244186401367e-01,6.484817713499069214e-02,-1.653997451066970825e-01,4.344692826271057129e-01,1.258144080638885498e-01
-8.701551705598831177e-02,5.931061459705233574e-04,-5.030328631401062012e-01,1.670577377080917358e-01,1.326385140419006348e-01,-5.407168269157409668e-01,1.077576652169227600e-01,-3.881452977657318115e-02,-1.598263233900070190e-01,1.314711421728134155e-01,3.732460141181945801e-01,-2.653963863849639893e-01,-4.396408796310424805e-02,2.476235479116439819e-01,-1.975380182266235352e-01,1.051860600709915161e-01,6.831566244363784790e-02,-5.557905137538909912e-02,1.432664990425109863e-01,1.763390153646469116e-01
-3.334702551364898682e-01,-1.883382797241210938e-01,-3.689714670181274414e-01,1.497382670640945435e-01,1.906410157680511475e-01,-3.499965742230415344e-02,1.598643139004707336e-02,-2.548735439777374268e-01,-1.776227504014968872e-01,-2.208237200975418091e-01,1.276652961969375610e-01,-1.093526333570480347e-01,-3.751921234652400017e-03,-1.898451000452041626e-01,-6.114931404590606689e-02,-1.555619388818740845e-01,-1.460652425885200500e-02,-2.924276590347290039e-01,-4.010542035102844238e-01,-8.821803331375122070e-02
-1.451109647750854492e-01,5.278294533491134644e-02,-2.808366157114505768e-02,-2.332835644483566284e-01,-1.426321119070053101e-01,4.850788414478302002e-01,1.438528895378112793e-01,-2.557420134544372559e-01,6.521312892436981201e-02,-1.837191283702850342e-01,-2.151219099760055542e-01,7.723111659288406372e-02,-8.335120230913162231e-02,-3.645921945571899414e-01,-1.668490618467330933e-01,-5.689061284065246582e-01,-1.876783221960067749e-01,-4.853325188159942627e-01,-4.619280621409416199e-02,-2.097162604331970215e-01
-4.624453485012054443e-01,-1.703695356845855713e-01,-2.749470770359039307e-01,-2.737815082073211670e-01,-1.480619758367538452e-01,-7.206199169158935547e-01,1.962888389825820923e-01,2.295945733785629272e-01,7.573646306991577148e-02,-5.559045076370239258e-01,-1.962336748838424683e-01,-3.885982334613800049e-01,-3.497065305709838867e-01,-8.030005693435668945e-01,2.340763807296752930e-03,4.060427844524383545e-02,1.040164008736610413e-01,-2.148472666740417480e-01,-2.710915803909301758e-01,-2.992125451564788818e-01
1.769139170646667480e-01,-5.003487691283226013e-02,-2.044016569852828979e-01,-1.201126351952552795e-01,-8.634249120950698853e-02,-4.511171206831932068e-02,-3.373375535011291504e-02,1.352139413356781006e-01,2.114224582910537720e-01,1.614137180149555206e-02,1.410178095102310181e-01,2.278924286365509033e-01,1.582905501127243042e-01,5.820590257644653320e-02,-1.203483268618583679e-01,1.977859884500503540e-01,5.956381186842918396e-02,1.959939002990722656e-01,-2.902321331202983856e-02,-1.533073186874389648e-01
1.518027037382125854e-01,1.127375885844230652e-01,1.230482310056686401e-01,4.298415184020996094e-01,-4.247605800628662109e-01,4.236412346363067627e-01,5.399202108383178711e-01,2.193366140127182007e-01,-1.702895611524581909e-01,-3.043017983436584473e-01,2.010684758424758911e-01,2.381391078233718872e-01,-3.483186662197113037e-01,-1.200176700949668884e-01,-9.537652134895324707e-03,1.339122653007507324e-01,-1.112753525376319885e-01,-5.906957387924194336e-01,1.032232716679573059e-01,-9.732924401760101318e-02
-7.438849657773971558e-02,1.228414662182331085e-02,-1.220360845327377319e-01,-6.215503811836242676e-02,8.069539070129394531e-02,-1.299141533672809601e-02,1.581049412488937378e-01,-1.341182738542556763e-01,5.611453671008348465e-03,-1.882662028074264526e-01,-1.930675059556961060e-01,-8.333624899387359619e-02,-6.174979731440544128e-02,-2.795583009719848633e-01,-1.046735048294067383e-01,-2.932402491569519043e-02,-1.621216535568237305e-01,-1.489784568548202515e-01,-8.930902183055877686e-02,2.775499820709228516e-01
1.956515312194824219e-01,-1.161825656890869141e-01,-2.702809274196624756e-01,3.248449182137846947e-03,1.013804078102111816e-01,1.120447590947151184e-01,-9.727439284324645996e-02,5.831686034798622131e-02,-1.034968718886375427e-01,-7.509659975767135620e-02,-9.700288623571395874e-02,1.657097935676574707e-01,-7.448328286409378052e-02,2.494571916759014130e-02,-1.777873486280441284e-01,3.070144727826118469e-02,1.097967401146888733e-01,2.691624164581298828e-01,-1.270360592752695084e-02,2.743777334690093994e-01
1.000339686870574951e-01,-2.690681442618370056e-02,-1.920369416475296021e-01,2.980138063430786133e-01,4.946824535727500916e-02,-1.498408168554306030e-01,-6.994502246379852295e-02,2.946703732013702393e-01,-4.064038395881652832e-02,1.636831164360046387e-01,1.937197893857955933e-01,1.988166421651840210e-01,2.475245893001556396e-01,9.906139969825744629e-02,-1.775257289409637451e-02,1.889033764600753784e-01,2.843503057956695557e-01,2.314743101596832275e-01,2.140723615884780884e-01,4.253362417221069336e-01
4.570639133453369141e-02,-1.377466768026351929e-01,-2.365510761737823486e-01,6.376308947801589966e-02,5.793100595474243164e-01,-1.553232669830322266e-01,-4.361573979258537292e-02,1.732987314462661743e-01,8.372251689434051514e-02,5.015997290611267090e-01,2.053686082363128662e-01,-4.517225325107574463e-01,1.625208556652069092e-01,1.665232926607131958e-01,-2.423138916492462158e-02,1.571092605590820312e-01,1.011417806148529053e-02,1.351159997284412384e-02,4.419747367501258850e-02,2.518689334392547607e-01
-3.954428434371948242e-02,9.114395827054977417e-03,2.641447484493255615e-01,-7.736509442329406738e-01,4.761514067649841309e-01,1.533811241388320923e-01,-1.172732040286064148e-01,-6.451601386070251465e-01,-1.586286276578903198e-01,-1.504624187946319580e-01,-1.370833069086074829e-01,-2.978440225124359131e-01,4.740477204322814941e-01,3.836029469966888428e-01,-1.913336813449859619e-01,1.514640450477600098e-01,-4.666329920291900635e-01,-2.170698940753936768e-01,4.099221900105476379e-02,3.814570903778076172e-01
-3.276089727878570557e-01,1.458148062229156494e-01,-3.728857934474945068e-01,-1.437382251024246216e-01,5.727525353431701660e-01,5.245857238769531250e-01,-1.943343691527843475e-02,4.492772817611694336e-01,1.454118788242340088e-01,-2.123409807682037354e-01,-4.664956331253051758e-01,-2.815277278423309326e-01,-1.036986559629440308e-01,2.671677768230438232e-01,1.567430496215820312e-01,-2.866439819335937500e-01,-6.167489290237426758e-01,-2.291399091482162476e-01,-8.711820095777511597e-02,-3.400774002075195312e-01
3.104000985622406006e-01,-3.849016502499580383e-02,5.071291700005531311e-03,-1.465519890189170837e-02,-2.121649086475372314e-01,3.746901080012321472e-02,-3.205256164073944092e-02,1.304362565279006958e-01,-3.585046231746673584e-01,-1.512415856122970581e-01,1.097296476364135742e-01,4.534248262643814087e-02,2.232686057686805725e-02,8.546847105026245117e-02,7.585468888282775879e-02,-2.053287029266357422e-01,9.517410397529602051e-02,-3.052080869674682617e-01,-4.744369983673095703e-01,1.674758642911911011e-01
3.261820077896118164e-01,1.753316819667816162e-01,-7.339450120925903320e-01,-4.083330631256103516e-01,-1.844463646411895752e-01,-6.522525101900100708e-02,5.349661782383918762e-02,-8.587977290153503418e-01,-1.096127182245254517e-01,3.197350203990936279e-01,6.817762553691864014e-02,-4.477399587631225586e-01,-2.301205992698669434e-01,-3.565867841243743896e-01,4.099756479263305664e-02,3.004914522171020508e-01,3.320087864995002747e-02,-4.314031824469566345e-02,-4.106174409389495850e-02,2.573525011539459229e-01
-1.021517291665077209e-01,3.498058393597602844e-02,2.912887558341026306e-02,1.255839690566062927e-02,1.892173141241073608e-01,-4.989485442638397217e-01,2.741262614727020264e-01,3.634973987936973572e-02,-1.973246596753597260e-02,2.433910667896270752e-01,-2.730427309870719910e-03,1.546255648136138916e-01,-1.756705641746520996e-01,7.355409860610961914e-02,1.813119649887084961e-01,1.922143250703811646e-01,1.097938045859336853e-01,2.727053165435791016e-01,-3.637568056583404541e-01,-1.764548271894454956e-01
5.611451342701911926e-02,1.639075204730033875e-02,-1.780712157487869263e-01,2.964339256286621094e-01,-1.217979118227958679e-01,2.548528015613555908e-01,1.208706479519605637e-02,5.757167562842369080e-02,-2.118839323520660400e-02,8.408420532941818237e-02,1.350562274456024170e-01,2.253919988870620728e-01,-6.805018335580825806e-02,2.889555394649505615e-01,2.470985054969787598e-02,1.240264251828193665e-01,-4.104849100112915039e-01,-1.930097043514251709e-01,-1.560880243778228760e-01,-1.697230637073516846e-01
-1.835034340620040894e-01,5.541618913412094116e-02,2.489479482173919678e-01,-2.086982876062393188e-01,-4.692688584327697754e-02,2.407260090112686157e-01,5.718525648117065430e-01,1.422192007303237915e-01,2.780654840171337128e-02,2.809243202209472656e-01,-1.175007522106170654e-01,4.954698681831359863e-01,-4.667504429817199707e-01,-5.730615258216857910e-01,-1.680472642183303833e-01,-6.002537608146667480e-01,2.504066824913024902e-01,-6.034851074218750000e-01,1.693139523267745972e-01,1.899975389242172241e-01
1.072952523827552795e-01,1.123124510049819946e-01,2.020516246557235718e-01,-1.963542997837066650e-01,3.997940421104431152e-01,1.346583366394042969e-01,-2.776624634861946106e-02,-1.034763529896736145e-01,2.362823635339736938e-01,1.146849170327186584e-01,8.355173468589782715e-02,-5.690681561827659607e-02,3.305320395156741142e-03,-1.553604155778884888e-01,8.085697889328002930e-03,2.058025747537612915e-01,1.919105798006057739e-01,8.324085921049118042e-02,2.777667939662933350e-01,-3.093679845333099365e-01
8.331170678138732910e-02,1.187832951545715332e-01,-3.461087122559547424e-02,-1.719047129154205322e-01,1.065488681197166443e-01,-3.932477533817291260e-02,-8.939579129219055176e-02,-1.653957515954971313e-01,-2.833780646324157715e-01,6.815825402736663818e-02,-5.881426110863685608e-02,2.089789658784866333e-01,-3.437799215316772461e-01,-2.025745995342731476e-02,8.859187364578247070e-03,-2.806419506669044495e-02,-1.338097453117370605e-02,1.669428497552871704e-01,-1.843498051166534424e-01,1.481925696134567261e-01
-1.868909895420074463e-01,-1.008638069033622742e-01,-6.156346574425697327e-02,4.138104319572448730e-01,-2.280741035938262939e-01,6.329016089439392090e-01,5.798172354698181152e-01,1.513937264680862427e-01,4.448729567229747772e-03,-7.108085751533508301e-01,-3.432743251323699951e-01,-4.306451082229614258e-01,4.061517491936683655e-02,2.474557906389236450e-01,1.649607419967651367e-01,-1.176168799400329590e+00,1.947038993239402771e-02,-6.315469741821289062e-01,-2.210305817425251007e-02,-4.113531112670898438e-01
6.502377986907958984e-02,5.995710566639900208e-02,9.815277159214019775e-02,-1.232059299945831299e-01,3.543662652373313904e-02,-6.501916795969009399e-02,3.816654384136199951e-01,-1.136732771992683411e-01,-2.472894638776779175e-01,-3.256169259548187256e-01,-3.923668563365936279e-01,-3.823241293430328369e-01,-7.505236566066741943e-02,-2.867292165756225586e-01,8.209389448165893555e-02,-2.433918863534927368e-01,-4.149484038352966309e-01,-1.659678816795349121e-01,-3.597013354301452637e-01,5.089227482676506042e-02
3.956125080585479736e-01,-1.618975102901458740e-01,-3.597268760204315186e-01,-2.880587875843048096e-01,1.950678080320358276e-01,-4.084160327911376953e-01,-3.256454169750213623e-01,-2.949589192867279053e-01,-8.942187577486038208e-02,-1.426742076873779297e-01,-1.433994472026824951e-01,-9.965797513723373413e-02,-3.541918694972991943e-01,1.710619628429412842e-01,9.351387619972229004e-03,-4.380501210689544678e-01,1.205382645130157471e-01,7.207099348306655884e-02,-3.736888468265533447e-01,-1.178319230675697327e-01
1.086376607418060303e-01,-1.740726293064653873e-03,2.338246852159500122e-01,-2.256876528263092041e-01,1.919070482254028320e-01,-2.515061199665069580e-01,2.440468668937683105e-01,4.233215749263763428e-02,-9.540450572967529297e-02,-1.914480626583099365e-01,8.259584754705429077e-02,-9.799198247492313385e-03,7.294883951544761658e-03,-3.159895539283752441e-01,-9.436624497175216675e-02,-1.071893274784088135e-01,-7.341112941503524780e-02,7.179065048694610596e-02,1.713840365409851074e-01,3.158134222030639648e-01
2.321162670850753784e-01,5.326329916715621948e-02,6.875688582658767700e-02,-1.586909778416156769e-02,-1.921744318678975105e-03,1.022934466600418091e-01,2.195493727922439575e-01,-1.817362606525421143e-01,-6.570161879062652588e-02,3.751241862773895264e-01,-1.304613351821899414e-01,-5.532526224851608276e-02,-1.124212741851806641e-01,4.293113946914672852e-02,-7.620875537395477295e-02,5.749015510082244873e-02,4.431657865643501282e-02,1.625428050756454468e-01,5.646555125713348389e-02,-3.969173431396484375e-01
-3.214099258184432983e-02,-1.962612867355346680e-01,2.046521157026290894e-01,-5.660266056656837463e-02,9.406319260597229004e-02,-2.558244578540325165e-02,8.218752592802047729e-02,1.727028340101242065e-01,1.423416137695312500e-01,3.199034631252288818e-01,-1.160200089216232300e-01,-2.725403569638729095e-02,2.241113632917404175e-01,-3.833325579762458801e-02,-8.824020624160766602e-02,-2.430233061313629150e-01,-7.037953138351440430e-01,2.067695260047912598e-01,7.119809836149215698e-02,6.165882572531700134e-03
4.454179480671882629e-02,-2.040434777736663818e-01,1.552256047725677490e-01,-9.160310029983520508e-02,2.724898234009742737e-02,3.789270669221878052e-02,7.932735979557037354e-02,6.380159407854080200e-02,-3.012816309928894043e-01,-7.157499343156814575e-02,6.064376980066299438e-02,-1.477380245923995972e-01,-9.076917171478271484e-02,-1.123195141553878784e-02,1.291824877262115479e-02,-2.135838121175765991e-01,1.310963630676269531e-01,-1.709684431552886963e-01,7.831031829118728638e-02,1.204245239496231079e-01
-1.627769917249679565e-01,-4.712819680571556091e-02,1.798588037490844727e-01,-6.426081061363220215e-02,6.188577413558959961e-02,1.539752483367919922e-01,-1.449211686849594116e-01,-2.346579879522323608e-01,-4.488797485828399658e-01,-1.537406537681818008e-02,6.836262345314025879e-02,-6.113120168447494507e-02,-7.584001868963241577e-02,-2.964053153991699219e-01,-1.220810636878013611e-01,7.275574654340744019e-02,3.731858730316162109e-02,2.579205930233001709e-01,-1.210895404219627380e-01,-6.042379140853881836e-02
-2.377925962209701538e-01,8.407007902860641479e-02,1.041833311319351196e-01,-3.442935645580291748e-01,1.154311522841453552e-01,8.835793286561965942e-02,-1.335871815681457520e-01,-2.667081356048583984e-01,2.425794154405593872e-01,-3.687903285026550293e-01,-6.266840100288391113e-01,-3.425861895084381104e-01,-2.146033942699432373e-02,-3.558395504951477051e-01,-1.886065751314163208e-01,8.324864506721496582e-02,-1.959739029407501221e-01,-2.229693681001663208e-01,2.037141323089599609e-01,2.938814833760261536e-02
9.306421875953674316e-02,-1.763250082731246948e-01,-3.532675504684448242e-01,-3.447905182838439941e-01,1.231844425201416016e-01,-3.685794770717620850e-02,-8.734549582004547119e-02,-1.413454115390777588e-01,1.635345071554183960e-02,-2.873656749725341797e-01,-3.321952819824218750e-01,-2.753204107284545898e-01,2.191856205463409424e-01,-4.977695643901824951e-02,-1.096640899777412415e-01,-1.464114338159561157e-01,-2.331769764423370361e-01,-1.208837255835533142e-01,-7.329881936311721802e-02,1.107095554471015930e-01
7.071141898632049561e-02,-9.102540463209152222e-02,-2.638469934463500977e-01,3.406465351581573486e-01,5.162368416786193848e-01,1.022512316703796387e-01,-2.966856360435485840e-01,2.309139966964721680e-01,-2.307357788085937500e-01,-7.179626822471618652e-02,4.218772053718566895e-01,-1.285335719585418701e-01,1.120073199272155762e-01,5.816717147827148438e-01,1.668442189693450928e-01,-6.118283420801162720e-02,-2.588913440704345703e-01,3.906735032796859741e-02,1.967932879924774170e-01,-1.896431297063827515e-01
-2.642605006694793701e-01,-5.220809578895568848e-02,-2.591737210750579834e-01,-2.114206552505493164e-01,2.908699214458465576e-01,-2.909100353717803955e-01,-3.639711067080497742e-02,-1.018091961741447449e-01,-1.400196254253387451e-01,-2.381580024957656860e-01,2.379759699106216431e-01,-2.938618957996368408e-01,1.080840677022933960e-01,-1.606445945799350739e-02,1.128376424312591553e-01,4.816973209381103516e-02,-2.844959795475006104e-01,1.345220357179641724e-01,3.525568544864654541e-01,2.747822701930999756e-01
-3.961685299873352051e-02,1.015290543437004089e-01,-4.283107221126556396e-01,1.582508534193038940e-01,-4.077396914362907410e-02,-1.248867437243461609e-01,-3.323157783597707748e-03,1.297354698181152344e-01,2.770543992519378662e-01,3.359811380505561829e-02,4.052536487579345703e-01,-4.427146017551422119e-01,-6.755544990301132202e-02,3.160891234874725342e-01,5.157473683357238770e-02,1.869865059852600098e-01,-2.953725457191467285e-01,9.407577663660049438e-02,-6.434187293052673340e-02,3.072336614131927490e-01
9.896983206272125244e-02,1.087066754698753357e-01,-3.472344875335693359e-01,2.202895432710647583e-01,4.375669658184051514e-01,-1.159574016928672791e-01,-5.929725989699363708e-02,-2.425391040742397308e-02,-1.249362155795097351e-01,1.946987360715866089e-01,-2.001459151506423950e-02,-1.743549257516860962e-01,8.563376031816005707e-03,1.021359488368034363e-01,1.034978330135345459e-01,-2.403027266263961792e-01,-3.416164219379425049e-01,-7.303541153669357300e-02,-1.348444521427154541e-01,2.649666070938110352e-01
-1.337289810180664062e-01,-5.725693888962268829e-03,-1.935894042253494263e-01,-1.402922421693801880e-01,-4.774224460124969482e-01,-1.109253913164138794e-01,-2.721357643604278564e-01,3.098583547398447990e-03,-1.389283686876296997e-02,-9.920704364776611328e-02,1.748870313167572021e-01,1.638692021369934082e-01,-1.351949274539947510e-01,-7.196903228759765625e-02,6.684139370918273926e-02,-6.622882187366485596e-02,-1.965243667364120483e-01,2.449066787958145142e-01,-2.811074256896972656e-01,-2.419343441724777222e-01
-1.767789274454116821e-01,-1.756921261548995972e-01,-7.438114285469055176e-02,-4.447388648986816406e-01,7.968997210264205933e-02,3.173709213733673096e-01,2.074992060661315918e-01,-3.512755334377288818e-01,-1.034279838204383850e-01,2.810019999742507935e-02,-4.987952858209609985e-02,-1.348704248666763306e-01,-3.391077816486358643e-01,-1.498192250728607178e-01,1.143842935562133789e-01,-3.239280879497528076e-01,-4.180577397346496582e-01,8.743782527744770050e-04,-2.788585424423217773e-01,-1.357809305191040039e-01
-3.001787140965461731e-02,1.335704606026411057e-02,-1.169534176588058472e-01,5.723297595977783203e-02,2.377419918775558472e-01,-4.102380871772766113e-01,-1.260312348604202271e-01,-1.039563491940498352e-01,-3.729737997055053711e-01,1.078446134924888611e-01,1.127074286341667175e-01,-3.737318217754364014e-01,-2.968162894248962402e-01,1.419964134693145752e-01,-5.574592947959899902e-02,1.703578829765319824e-01,5.127938389778137207e-01,3.745940625667572021e-01,-2.621245570480823517e-02,-1.652632206678390503e-01
-1.615294814109802246e-01,1.324485987424850464e-01,-2.573918402194976807e-01,2.073674201965332031e-01,-5.571061372756958008e-02,1.519957929849624634e-01,-1.709151715040206909e-01,-7.796060293912887573e-03,2.250815629959106445e-01,-4.483065009117126465e-02,-1.559637933969497681e-01,1.007035523653030396e-01,2.102770656347274780e-01,-1.771415621042251587e-01,-1.622339785099029541e-01,1.606630533933639526e-01,-4.915542900562286377e-02,-2.059024721384048462e-01,-1.169912442564964294e-01,4.621015489101409912e-02
7.137389481067657471e-02,-2.174790762364864349e-02,-2.493908554315567017e-01,1.958507001399993896e-01,1.798676699399948120e-01,1.789107769727706909e-01,-1.835665255784988403e-01,1.412113159894943237e-01,5.020077228546142578e-01,-8.731675893068313599e-02,3.424388170242309570e-01,-2.852239273488521576e-02,1.016635075211524963e-01,3.044577538967132568e-01,1.833791434764862061e-01,-2.262291610240936279e-01,-4.740217030048370361e-01,5.733421444892883301e-01,7.830461114645004272e-02,-1.029723286628723145e-01
6.698845326900482178e-02,1.338425278663635254e-01,-9.091480076313018799e-02,-1.518690586090087891e-01,-4.632038995623588562e-02,2.493810504674911499e-01,-1.606489866971969604e-01,5.559814721345901489e-02,6.591206789016723633e-02,-6.879232823848724365e-02,1.574689596891403198e-01,1.089493259787559509e-01,1.012582629919052124e-01,4.721578676253557205e-03,-1.655564904212951660e-01,1.218771468847990036e-02,1.801836341619491577e-01,-8.375818282365798950e-02,2.056723237037658691e-01,-5.471570417284965515e-02
1.734474301338195801e-01,-1.480145156383514404e-01,-1.261791288852691650e-01,1.414874643087387085e-01,2.729542255401611328e-01,-2.205274850130081177e-01,-1.843239665031433105e-01,-1.022340282797813416e-01,-1.382128684781491756e-04,2.287520021200180054e-01,3.050167858600616455e-01,-5.190876871347427368e-02,6.038024276494979858e-02,2.290062755346298218e-01,-1.123537942767143250e-01,-3.118336014449596405e-02,5.490119010210037231e-02,-3.241997957229614258e-02,1.119040921330451965e-01,2.721217870712280273e-01
-1.779906079173088074e-02,9.310197085142135620e-02,-3.858001828193664551e-01,-8.453959226608276367e-02,1.995077915489673615e-02,-1.244343668222427368e-01,-1.293696556240320206e-02,-1.926110833883285522e-01,1.982129216194152832e-01,1.077386289834976196e-01,1.034525260329246521e-01,2.677050828933715820e-01,1.598578095436096191e-01,1.392938345670700073e-01,1.099092960357666016e-01,8.725731074810028076e-02,1.001401171088218689e-01,2.227292396128177643e-02,1.382633298635482788e-01,1.402381062507629395e-01
-3.499957919120788574e-02,1.428309530019760132e-01,-1.357472836971282959e-01,3.927208781242370605e-01,8.990002423524856567e-02,-2.813767790794372559e-01,1.056949496269226074e-01,1.470072567462921143e-01,-4.686469733715057373e-01,7.395839691162109375e-02,2.358857840299606323e-01,2.111447751522064209e-01,2.614880502223968506e-01,9.088748693466186523e-02,2.903576195240020752e-02,8.444389700889587402e-02,-2.852810919284820557e-01,2.218980789184570312e-01,-2.039981335401535034e-01,6.362279504537582397e-02
2.077229768037796021e-01,-6.220953166484832764e-02,-5.460040643811225891e-02,2.278742007911205292e-02,1.388966143131256104e-01,-1.266707628965377808e-01,3.258225321769714355e-02,-2.808899879455566406e-01,-6.856998056173324585e-02,2.926687896251678467e-01,-1.190911158919334412e-01,1.375030130147933960e-01,1.756322830915451050e-01,1.762546747922897339e-01,-9.745573997497558594e-02,-1.652697175741195679e-01,3.681479394435882568e-01,1.555025428533554077e-01,-1.880435496568679810e-01,3.128930181264877319e-02
-2.055400796234607697e-02,-1.730979830026626587e-01,3.546872362494468689e-02,-1.036915406584739685e-01,2.295508980751037598e-02,4.308434575796127319e-02,1.866450607776641846e-01,3.954771906137466431e-03,-1.143779158592224121e-01,6.827194988727569580e-02,1.345231384038925171e-01,-2.184374481439590454e-01,-2.176790833473205566e-01,1.938247680664062500e-01,-1.737035810947418213e-02,-2.472859323024749756e-01,3.027677536010742188e-01,-2.296479046344757080e-01,1.489404886960983276e-01,-4.347126483917236328e-01
-5.378131866455078125e-01,1.600670516490936279e-01,2.089483896270394325e-03,8.806719630956649780e-02,3.435298334807157516e-03,2.463823705911636353e-01,-1.388558447360992432e-01,5.150581151247024536e-02,-4.326557219028472900e-01,-2.803473472595214844e-01,1.802684515714645386e-01,1.158916130661964417e-01,2.042504400014877319e-01,4.166991263628005981e-02,-7.925254851579666138e-02,1.657756865024566650e-01,-1.996790468692779541e-01,-1.070629879832267761e-01,-1.590715348720550537e-01,-1.303949654102325439e-01
3.116979897022247314e-01,-3.183132410049438477e-02,1.595700979232788086e-01,2.442075163125991821e-01,3.645634651184082031e-02,-1.497850567102432251e-01,1.289424300193786621e-01,1.724571287631988525e-01,2.519644200801849365e-01,1.977559179067611694e-01,-1.761262416839599609e-01,1.188980638980865479e-01,4.795881807804107666e-01,2.537392377853393555e-01,-5.980397760868072510e-02,3.251560628414154053e-01,1.574451625347137451e-01,2.453558593988418579e-01,4.415914416313171387e-01,-7.682085037231445312e-02
1.936375647783279419e-01,-3.810379654169082642e-03,3.972346484661102295e-01,1.878793686628341675e-01,1.796636432409286499e-01,1.160374134778976440e-01,1.766411960124969482e-01,3.323021158576011658e-02,4.604145139455795288e-02,-2.422780394554138184e-01,-2.396354824304580688e-01,-1.051568761467933655e-01,-4.351246953010559082e-01,-5.008095502853393555e-02,1.556314527988433838e-01,3.334710001945495605e-02,2.784388363361358643e-01,9.363361448049545288e-02,-1.458487361669540405e-01,-3.778059482574462891e-01
1.739290058612823486e-01,-9.508810937404632568e-02,2.000013832002878189e-03,6.371298432350158691e-02,-3.487795963883399963e-02,2.272424995899200439e-01,-2.270829081535339355e-01,3.833619058132171631e-01,1.831590384244918823e-01,6.425006985664367676e-01,4.332307875156402588e-01,3.255945742130279541e-01,2.254790961742401123e-01,-2.954958975315093994e-01,6.462115049362182617e-02,4.602839052677154541e-01,2.706844210624694824e-01,-1.585828959941864014e-01,1.412473917007446289e-01,1.717337965965270996e-01
2.449049204587936401e-01,-1.458126157522201538e-01,1.091499850153923035e-01,1.103782951831817627e-01,-2.905346751213073730e-01,-4.475536197423934937e-02,-1.173803880810737610e-01,2.516111731529235840e-01,2.386616170406341553e-01,3.879310190677642822e-01,8.921396732330322266e-02,4.249192774295806885e-01,-3.612073138356208801e-02,-1.759271323680877686e-01,1.908685266971588135e-01,3.930746018886566162e-01,1.224476620554924011e-01,-2.264133654534816742e-02,1.417458951473236084e-01,2.443433254957199097e-01
1.000545769929885864e-01,-1.259390860795974731e-01,-1.969868689775466919e-01,2.363928854465484619e-01,2.984336018562316895e-02,-6.474172323942184448e-02,1.430226117372512817e-01,-2.804397642612457275e-01,4.892605170607566833e-02,-2.741166017949581146e-02,4.415759444236755371e-02,-9.216735512018203735e-02,-1.540802568197250366e-01,8.191364258527755737e-02,-1.727289855480194092e-01,2.050282955169677734e-01,7.331726141273975372e-03,2.373653352260589600e-01,-3.370005264878273010e-02,-8.874960243701934814e-02
-1.450390517711639404e-01,6.941592437215149403e-05,2.527845203876495361e-01,3.466453552246093750e-01,2.449315786361694336e-02,7.935816794633865356e-02,9.293972514569759369e-03,1.726127117872238159e-01,2.946735918521881104e-01,6.811226718127727509e-03,1.061056479811668396e-01,-1.368733495473861694e-01,4.581428766250610352e-01,-5.520530417561531067e-02,-8.001942932605743408e-02,1.928821578621864319e-02,2.146303951740264893e-01,1.344716101884841919e-01,3.332979977130889893e-01,-1.916190236806869507e-02
3.137442171573638916e-01,-1.760250180959701538e-01,-6.220126152038574219e-02,-6.902787834405899048e-02,-6.325039863586425781e-01,-2.739248983561992645e-02,5.798022150993347168e-01,7.698672264814376831e-02,5.033520981669425964e-02,1.722758263349533081e-01,-2.638559043407440186e-02,-2.291181981563568115e-01,2.689909040927886963e-01,5.020608305931091309e-01,-1.514116227626800537e-01,1.496042460203170776e-01,1.674217283725738525e-01,-1.440977901220321655e-01,1.142180338501930237e-01,-7.645082473754882812e-02
-5.087073147296905518e-02,2.879347838461399078e-02,3.709912896156311035e-01,7.579968124628067017e-02,4.000736400485038757e-02,3.695336878299713135e-01,2.814294993877410889e-01,-2.074910700321197510e-01,-1.922757476568222046e-01,1.156379356980323792e-01,-2.202082127332687378e-01,2.084410786628723145e-01,1.037879586219787598e-01,-4.971477687358856201e-01,-8.718731999397277832e-02,1.129470169544219971e-01,1.754812300205230713e-01,-6.223347038030624390e-02,3.039364218711853027e-01,-2.265017330646514893e-01
1.803247034549713135e-01,-1.454709917306900024e-01,-1.032159700989723206e-01,2.703125476837158203e-01,8.417210727930068970e-02,-3.560385406017303467e-01,2.092009484767913818e-01,-8.688589930534362793e-02,3.789611160755157471e-02,4.836842715740203857e-01,1.358787566423416138e-01,-8.586081117391586304e-02,2.996990382671356201e-01,2.070842385292053223e-01,-1.503692418336868286e-01,2.515458129346370697e-02,3.478606343269348145e-01,4.597674608230590820e-01,2.642836272716522217e-01,1.189761087298393250e-01
1.811029762029647827e-01,-1.058223545551300049e-01,3.558212518692016602e-01,-1.640618443489074707e-01,1.086956858634948730e-01,-3.617427870631217957e-02,-2.946573197841644287e-01,2.324268519878387451e-01,2.045631706714630127e-01,2.655949592590332031e-01,1.527681946754455566e-01,3.568247333168983459e-02,1.934660673141479492e-01,-3.656660392880439758e-02,-7.525116205215454102e-02,9.928142279386520386e-02,2.375862598419189453e-01,8.991591632366180420e-02,1.522506475448608398e-01,-3.565932810306549072e-02
-1.021204143762588501e-01,7.095364481210708618e-02,1.822235286235809326e-01,4.499118328094482422e-01,-1.290903389453887939e-01,4.321978390216827393e-01,7.284747064113616943e-02,-3.336362242698669434e-01,2.315409034490585327e-01,-5.805800855159759521e-02,-8.876763284206390381e-02,5.192453041672706604e-02,8.848431706428527832e-02,-2.206668257713317871e-01,-1.873339712619781494e-01,-7.334889471530914307e-02,4.550931453704833984e-01,-1.151951774954795837e-01,2.963629961013793945e-01,-1.495778411626815796e-01
-2.276792004704475403e-02,-9.258413687348365784e-03,2.154488116502761841e-01,-1.053327694535255432e-01,1.054292768239974976e-01,-6.619150936603546143e-02,2.418422698974609375e-01,2.958598136901855469e-01,-2.756712958216667175e-02,5.031951144337654114e-02,-3.007995486259460449e-01,7.264624536037445068e-02,-2.229167073965072632e-01,-2.677059471607208252e-01,-6.508201360702514648e-03,-1.830940544605255127e-01,-3.296492248773574829e-02,1.404421776533126831e-01,1.430592536926269531e-01,-1.952474415302276611e-01
-2.019142806529998779e-01,-1.730017811059951782e-01,-2.067242264747619629e-01,-5.370915308594703674e-02,1.218269988894462585e-01,-7.285229861736297607e-02,-1.546741575002670288e-01,4.903015121817588806e-02,1.027528345584869385e-01,1.911960542201995850e-02,-6.012394651770591736e-02,-3.503693640232086182e-01,2.240409702062606812e-02,-1.893505156040191650e-01,-1.930007934570312500e-01,8.247094601392745972e-02,3.102507069706916809e-02,3.533360958099365234e-01,2.695487439632415771e-01,6.311047077178955078e-02
2.674028836190700531e-02,1.609258800745010376e-01,3.322860598564147949e-01,2.266778796911239624e-02,-1.365451216697692871e-01,2.454535961151123047e-01,3.080436885356903076e-01,3.296943604946136475e-01,1.723581552505493164e-01,4.825580120086669922e-02,-7.310722768306732178e-02,1.262824237346649170e-01,-1.559929549694061279e-01,8.696181327104568481e-02,7.536506652832031250e-02,-2.065034769475460052e-02,-4.453746229410171509e-02,-1.559130400419235229e-01,-3.314208984375000000e-01,-2.455183565616607666e-01
9.419554471969604492e-02,-6.422720104455947876e-02,4.193263873457908630e-02,1.294272392988204956e-02,-1.978495121002197266e-01,1.087630689144134521e-01,2.444074898958206177e-01,3.341367095708847046e-02,-2.475569844245910645e-01,1.542836874723434448e-01,-1.433153636753559113e-02,2.192387133836746216e-01,-8.930677548050880432e-03,-6.617256253957748413e-02,8.159461617469787598e-02,-3.890018463134765625e-01,-2.824903726577758789e-01,-1.812265068292617798e-01,-1.346113532781600952e-01,2.014414966106414795e-01
1.197125688195228577e-01,-1.875428259372711182e-01,-7.746565341949462891e-02,2.177970856428146362e-01,-1.988027244806289673e-01,4.926365315914154053e-01,-7.197688519954681396e-02,-2.823761999607086182e-01,1.277083158493041992e-01,2.789906263351440430e-01,1.103212684392929077e-01,-2.556621134281158447e-01,-6.463984400033950806e-02,1.697888523340225220e-01,-5.033607780933380127e-02,8.613076806068420410e-02,2.875888347625732422e-01,-1.107845455408096313e-02,-1.298149526119232178e-01,-4.192030429840087891e-01
7.953548431396484375e-02,1.033075526356697083e-01,-4.124230518937110901e-02,-8.302197605371475220e-02,2.727631330490112305e-01,-4.422399774193763733e-02,1.229064092040061951e-01,2.128850966691970825e-01,3.894923627376556396e-01,4.796823859214782715e-01,3.766030669212341309e-01,7.581633329391479492e-02,4.803645312786102295e-01,3.921091258525848389e-01,1.842885315418243408e-01,3.478281497955322266e-01,4.326407909393310547e-01,3.564366400241851807e-01,3.074552714824676514e-01,1.520493924617767334e-01
1.800449490547180176e-01,6.580726802349090576e-02,1.289346963167190552e-01,5.922312662005424500e-02,1.374608278274536133e-01,-5.586504936218261719e-02,1.597858518362045288e-01,2.526692450046539307e-01,4.759199172258377075e-02,-1.818840503692626953e-01,-1.128961071372032166e-01,-2.120018750429153442e-01,-2.713466584682464600e-01,8.151037245988845825e-02,-3.949269652366638184e-02,1.166828423738479614e-01,1.775190830230712891e-01,8.012440800666809082e-02,-2.507452964782714844e-01,-2.734034657478332520e-01
-1.537715196609497070e-01,-4.769234359264373779e-02,1.251599490642547607e-01,-2.071380019187927246e-01,2.874511778354644775e-01,1.477273851633071899e-01,1.217046659439802170e-02,-1.060699149966239929e-01,3.113089203834533691e-01,1.585327535867691040e-01,3.219531849026679993e-02,-8.019614964723587036e-02,1.860596835613250732e-01,2.098105102777481079e-02,-1.841430813074111938e-01,2.681676745414733887e-01,2.814079821109771729e-01,3.400970399379730225e-01,1.549592167139053345e-01,-7.311152666807174683e-02
3.446949124336242676e-01,-1.321993917226791382e-01,-6.411675363779067993e-02,1.302698552608489990e-01,1.527408808469772339e-01,-3.815811127424240112e-02,-2.128659188747406006e-01,8.674795925617218018e-02,2.238722741603851318e-01,2.895635068416595459e-01,2.047581374645233154e-01,8.934784680604934692e-02,2.536645233631134033e-01,9.364203363656997681e-02,-1.517513096332550049e-01,2.129098922014236450e-01,3.865758180618286133e-01,2.844823300838470459e-01,1.613478059880435467e-03,-1.942606419324874878e-01
2.056022882461547852e-01,-7.209682464599609375e-02,5.179312825202941895e-01,6.880585849285125732e-02,6.103707943111658096e-03,-6.210343912243843079e-02,9.346415102481842041e-02,-1.951466128230094910e-02,-1.880298368632793427e-02,-1.986464560031890869e-01,6.208616774529218674e-03,-2.118144631385803223e-01,1.564146131277084351e-01,-1.888539940118789673e-01,1.335708796977996826e-01,1.912706047296524048e-01,1.448777019977569580e-01,-4.212453588843345642e-02,3.622872829437255859e-01,4.735907539725303650e-02
2.641767859458923340e-01,-4.510647431015968323e-02,-8.141408860683441162e-02,1.154357045888900757e-01,-1.620500162243843079e-02,-1.243901718407869339e-02,-9.552911855280399323e-03,3.360558748245239258e-01,-9.712512046098709106e-02,2.107298001646995544e-02,2.110123485326766968e-01,7.985474169254302979e-02,3.295899927616119385e-02,3.053964115679264069e-02,-1.903986930847167969e-01,2.418929189443588257e-01,2.631777524948120117e-01,-1.345510184764862061e-01,5.510823801159858704e-02,2.270978987216949463e-01
2.784686982631683350e-01,5.682305246591567993e-02,1.257618516683578491e-01,5.780323594808578491e-02,1.285377293825149536e-01,-2.487185411155223846e-02,-2.908773422241210938e-01,6.387100368738174438e-02,2.626751065254211426e-01,4.012446105480194092e-01,2.619231939315795898e-01,-1.049243956804275513e-01,4.394865334033966064e-01,-3.796561807394027710e-02,-1.380694955587387085e-01,4.986691176891326904e-01,-1.247141696512699127e-02,4.116609990596771240e-01,3.446855023503303528e-02,2.271496355533599854e-01
1.938248723745346069e-01,1.370538920164108276e-01,-7.918322086334228516e-02,1.025786623358726501e-01,1.518170684576034546e-01,-1.657880842685699463e-01,-1.991089433431625366e-01,2.201986126601696014e-02,2.517336905002593994e-01,1.677101105451583862e-01,4.922379553318023682e-01,-1.181248053908348083e-01,3.824120461940765381e-01,2.092966139316558838e-01,-1.725734472274780273e-01,3.589593470096588135e-01,-9.629294276237487793e-02,2.062786668539047241e-01,-2.107293903827667236e-01,-4.708362743258476257e-02
2.962512969970703125e-01,-1.369002759456634521e-01,2.435983568429946899e-01,1.802779734134674072e-01,2.003611028194427490e-01,5.165101215243339539e-02,2.744905054569244385e-01,3.407934904098510742e-01,1.588249504566192627e-01,2.878509163856506348e-01,3.056459128856658936e-01,4.157661497592926025e-01,4.123969078063964844e-01,9.824782609939575195e-02,8.365863561630249023e-02,1.490173339843750000e-01,2.963649034500122070e-01,4.921070337295532227e-01,1.858185082674026489e-01,3.848875164985656738e-01
-4.379858449101448059e-02,3.884124336764216423e-03,4.039208218455314636e-02,3.093740046024322510e-01,9.950248897075653076e-02,1.974621266126632690e-01,3.456871584057807922e-02,2.684121429920196533e-01,9.918685257434844971e-02,1.294650733470916748e-01,-1.047090888023376465e-01,-1.639047116041183472e-01,-1.003425717353820801e-01,-6.830377876758575439e-02,1.853930354118347168e-01,-4.924041405320167542e-02,2.155687958002090454e-01,9.663324058055877686e-02,3.939676284790039062e-02,9.592212736606597900e-02
-1.796612292528152466e-01,1.760321557521820068e-01,1.809041574597358704e-02,8.437437564134597778e-02,6.281042844057083130e-02,8.902327716350555420e-02,1.200959607958793640e-01,-9.750557690858840942e-02,2.438824176788330078e-01,1.525479108095169067e-01,-5.325323436409235001e-03,5.527738854289054871e-02,-2.977441996335983276e-02,-4.770543426275253296e-02,-1.042317152023315430e-01,-7.908377051353454590e-02,2.059445083141326904e-01,5.267297849059104919e-02,-1.453033983707427979e-01,5.554135143756866455e-02
-4.348774254322052002e-02,-2.140693068504333496e-01,-1.306395977735519409e-01,7.475341856479644775e-02,2.478153072297573090e-02,-1.774374693632125854e-01,5.584428831934928894e-02,2.523017227649688721e-01,-1.383245587348937988e-01,-1.341381762176752090e-02,-1.013256683945655823e-01,2.313448935747146606e-01,-1.363686621189117432e-01,1.337329298257827759e-01,-4.915137588977813721e-02,4.375373572111129761e-02,2.818994224071502686e-03,1.728377491235733032e-02,1.437697410583496094e-01,1.477556526660919189e-01
1.121700331568717957e-01,-1.444160789251327515e-01,5.889919400215148926e-02,2.396859973669052124e-01,-8.828481286764144897e-02,3.193624913692474365e-01,-1.155543178319931030e-01,1.994372010231018066e-01,9.401658549904823303e-03,4.893488436937332153e-02,6.330147385597229004e-02,2.591769397258758545e-01,-1.739906966686248779e-01,-3.116776645183563232e-01,-1.306583732366561890e-01,2.146888226270675659e-01,-1.268060039728879929e-02,1.620396971702575684e-01,1.178713068366050720e-01,-1.305936276912689209e-01
-6.879552453756332397e-02,-1.623271107673645020e-01,3.908995911478996277e-02,4.418033063411712646e-01,1.620867997407913208e-01,-3.793678060173988342e-02,1.042559295892715454e-01,5.267643332481384277e-01,-1.224224567413330078e-01,4.681314527988433838e-01,6.537790298461914062e-01,2.235188782215118408e-01,3.812510073184967041e-01,2.922692298889160156e-01,-8.748984336853027344e-02,2.033004462718963623e-01,4.161281585693359375e-01,3.750124275684356689e-01,4.423198997974395752e-01,1.161816045641899109e-01
-1.793036311864852905e-01,-1.753948926925659180e-01,-2.534203529357910156e-01,2.226278185844421387e-01,2.134286463260650635e-01,-1.215212512761354446e-02,2.041828483343124390e-01,3.342988342046737671e-02,-2.503012418746948242e-01,2.344133332371711731e-02,1.362964361906051636e-01,4.416422173380851746e-02,1.688459962606430054e-01,-1.259593367576599121e-01,1.992878019809722900e-01,-1.930341571569442749e-01,2.700701653957366943e-01,7.351413369178771973e-02,2.165952883660793304e-02,1.081738322973251343e-01
